Modelo,Tipo,F1-Score,Precision,Recall,ROC-AUC,PR-AUC
MLP Wide,Supervisionado,0.546031746031746,0.39631336405529954,0.8775510204081632,0.9660037411137782,0.7109454857878834
MLP Deep,Supervisionado,0.12046543463381246,0.06456346294937637,0.8979591836734694,0.9761934669759856,0.7202032633497525
Autoencoder,Não Supervisionado,0.05442176870748299,0.02810304449648712,0.8571428571428571,0.9584515291766679,0.18999946588993236
