Modelo,F1-Score Δ%,Precision Δ%,Recall Δ%,ROC-AUC Δ%,PR-AUC Δ%
Gradient Boosting,96.011345895908,119.06031504203281,-1.1235955056179787,0.5509504346324277,-1.432234460704431
Logistic Regression,208.06049822064057,252.70833333333337,-3.3333333333333366,0.2888531635248554,5.929710691950301
Random Forest,-12.956694873071179,-25.659532105525134,6.097560975609749,0.34255028092771295,-0.8653118254615612
XGBoost,-8.232668067226893,-14.880952380952378,3.5714285714285756,0.15942159771171321,1.4471128325470048
